dataset,detector_backbone,augmentation_policy,selected_policy_name,selection_reason,fallback_used,donor_policy,synthesis_method,filter_policy,compatibility_enabled,labeled_fraction,num_seeds_total,num_seeds_valid,num_seeds_invalid,num_seeds,threshold_mode,threshold_calibration_method,auroc_mean,auroc_std,auroc_median,auroc_min,auroc_max,auprc_mean,auprc_std,auprc_median,auprc_min,auprc_max,best_point_f1_mean,best_point_f1_std,best_point_f1_median,best_point_f1_min,best_point_f1_max,event_precision_mean,event_precision_std,event_precision_median,event_precision_min,event_precision_max,event_recall_mean,event_recall_std,event_recall_median,event_recall_min,event_recall_max,event_f1_mean,event_f1_std,event_f1_median,event_f1_min,event_f1_max,false_positive_events_mean,false_positive_events_std,false_positive_events_median,false_positive_events_min,false_positive_events_max,num_synthetic_windows_mean,num_synthetic_points_mean,num_rejected_synthetic_windows_mean,metrics_valid_partial,metrics_valid_all
TSB-UAD-Public-v2,autoencoder,adaptive_groupwise_transfer,groupwise_cross_dataset_all,detector_family:broad,False,cross_dataset_all,learned_prototype_event_time,no_filter,False,0.05,5,5,0,5,synthetic_separation,synthetic_positive_separation,0.45592283953285806,0.08804590602326805,0.4513800333662496,0.31650466404051575,0.5760908550317977,0.043683438050148106,0.014732925940327461,0.04879308125914959,0.023474596956788597,0.0646197320347783,0.07383569244257629,0.017322061589590793,0.07477125236809222,0.05136601796407186,0.09856925061569133,0.040171175525345035,0.04862957092358875,0.025547445255474453,0.0,0.13548387096774195,0.04322907735329596,0.051885450770437665,0.006993006993006993,0.0,0.1308411214953271,0.03113423068839241,0.03592687481600628,0.011080332409972297,0.0,0.09655172413793103,163.4,190.03641756252935,75.0,1.0,534.0,44.2,1505.6,0.0,False,True
TSB-UAD-Public-v2,autoencoder,groupwise_compatibility_strict,groupwise_compatibility_strict,fixed_policy,False,compatibility_strict,learned_prototype_event_time,strict,True,0.05,5,5,0,5,synthetic_separation,synthetic_positive_separation,0.44911201419842095,0.09158498879613229,0.4150017358079724,0.3275978195871896,0.5843123055455599,0.04311635597964713,0.01459754191169983,0.04625931748582246,0.024008287638692866,0.06445155980244657,0.07202629484094165,0.006709149094227514,0.06807412867221228,0.06430257960588742,0.08077680295123955,0.02894407613969857,0.034137568870046237,0.004273504273504274,0.0,0.0784313725490196,0.1055871140273,0.20259064688651957,0.0033112582781456954,0.0,0.5106382978723404,0.027613858805631348,0.042419304862025886,0.00373134328358209,0.0,0.11059907834101382,129.0,144.95792492996028,47.0,1.0,363.0,1.4,64.0,42.8,False,True
TSB-UAD-Public-v2,autoencoder,groupwise_cross_dataset_all,groupwise_cross_dataset_all,fixed_policy,False,cross_dataset_all,learned_prototype_event_time,no_filter,False,0.05,5,5,0,5,synthetic_separation,synthetic_positive_separation,0.45592283953285806,0.08804590602326805,0.4513800333662496,0.31650466404051575,0.5760908550317977,0.043683438050148106,0.014732925940327461,0.04879308125914959,0.023474596956788597,0.0646197320347783,0.07383569244257629,0.017322061589590793,0.07477125236809222,0.05136601796407186,0.09856925061569133,0.040171175525345035,0.04862957092358875,0.025547445255474453,0.0,0.13548387096774195,0.04322907735329596,0.051885450770437665,0.006993006993006993,0.0,0.1308411214953271,0.03113423068839241,0.03592687481600628,0.011080332409972297,0.0,0.09655172413793103,163.4,190.03641756252935,75.0,1.0,534.0,44.2,1505.6,0.0,False,True
TSB-UAD-Public-v2,autoencoder,groupwise_cross_dataset_compatible,groupwise_cross_dataset_compatible,fixed_policy,False,cross_dataset_compatible,learned_prototype_event_time,no_filter,True,0.05,5,5,0,5,synthetic_separation,synthetic_positive_separation,0.46038557721361534,0.09055755999402057,0.4441238571619319,0.3147489168762726,0.583894350712695,0.044263288514310474,0.01480447792885296,0.04992204960955075,0.023449485470170516,0.06489589577024965,0.0649576289863496,0.0242971675075758,0.07480291146641933,0.024819494584837544,0.08965556699851242,0.047835775335775335,0.04555546842291391,0.019230769230769232,0.0,0.11428571428571428,0.02447546140806028,0.02229194921386429,0.018691588785046728,0.0,0.05714285714285714,0.0314562474420304,0.03025160489816212,0.016877637130801686,0.0,0.07619047619047618,87.6,51.32095088752741,124.0,4.0,131.0,44.2,1505.6,0.0,False,True
TSB-UAD-Public-v2,autoencoder,random_event_oversampling,random_event_oversampling,fixed_policy,False,,random_event_oversampling,no_filter,False,0.05,5,5,0,5,synthetic_separation,synthetic_positive_separation,0.4543662204358944,0.08965223987839402,0.445914882315741,0.32027561815416583,0.5933269967976076,0.04285725607741059,0.01486687781842114,0.043857645417868504,0.02361229648815342,0.06611886878371856,0.06691765081970527,0.02818264968822214,0.07651461838653957,0.01218094236199546,0.09350310153444336,0.033964214711729626,0.03666457970103557,0.02982107355864811,0.0,0.1,0.030864556004742923,0.054752515657758065,0.006993006993006993,0.0,0.14018691588785046,0.01488368462138954,0.01805871226599359,0.011904761904761904,0.0,0.04918032786885246,111.2,189.18076012110745,18.0,1.0,488.0,88.4,3011.2,0.0,False,True
TSB-UAD-Public-v2,autoencoder,real_only,real_only,fixed_policy,False,,none,no_filter,False,0.05,5,5,0,5,synthetic_separation,synthetic_positive_separation,0.4646070893129936,0.08451027345799975,0.43311799532520356,0.34970621899037624,0.5943197526406145,0.04479629497604067,0.014905540703617676,0.05087365323053272,0.02480290681848705,0.06609344165741507,0.0484428762886598,0.06493996895547077,0.0,0.0,0.16285438144329897,0.1,0.20000000000000004,0.0,0.0,0.5,0.0007142857142857143,0.0014285714285714286,0.0,0.0,0.0035714285714285713,0.0014184397163120566,0.0028368794326241137,0.0,0.0,0.0070921985815602835,0.6,0.48989794855663565,1.0,0.0,1.0,0.0,0.0,0.0,False,True
TSB-UAD-Public-v2,cnn,adaptive_groupwise_transfer,groupwise_cross_dataset_all,detector_family:broad,False,cross_dataset_all,learned_prototype_event_time,no_filter,False,0.05,5,5,0,5,synthetic_separation,synthetic_positive_separation,0.4142780794642307,0.08530810203129927,0.4149619662904037,0.32127482504961763,0.557420873041272,0.04137358110642749,0.014852848050490381,0.0432266312246903,0.02383271122142803,0.06364795952257338,0.05381788042257922,0.02568468322284965,0.06744859786797176,0.022295623451692816,0.07963210897025438,0.03151879854653691,0.028965646344618127,0.0365296803652968,0.0,0.07633587786259542,0.07231173082236911,0.11370219318104614,0.027972027972027972,0.0,0.2978723404255319,0.03162454931624549,0.02973420959085097,0.031683168316831684,0.0,0.07777777777777777,135.2,108.72423832798279,121.0,1.0,299.0,44.2,1505.6,0.0,False,True
TSB-UAD-Public-v2,cnn,groupwise_compatibility_strict,groupwise_compatibility_strict,fixed_policy,False,compatibility_strict,learned_prototype_event_time,strict,True,0.05,5,5,0,5,synthetic_separation,synthetic_positive_separation,0.4142780794642307,0.08530810203129927,0.4149619662904037,0.32127482504961763,0.557420873041272,0.04137358110642749,0.014852848050490381,0.0432266312246903,0.02383271122142803,0.06364795952257338,0.06760537345455267,0.012953314557331352,0.06714522363335174,0.04846399903434124,0.08520179372197309,0.17840015117597463,0.2447912108186713,0.0660377358490566,0.030508474576271188,0.6666666666666666,0.07567165214137937,0.11136277033355405,0.025,0.006993006993006993,0.2978723404255319,0.03891205708547308,0.02174209631577731,0.03626943005181347,0.012903225806451613,0.07887323943661972,140.4,126.45726550894574,99.0,1.0,294.0,1.4,64.0,42.8,False,True
TSB-UAD-Public-v2,cnn,groupwise_cross_dataset_all,groupwise_cross_dataset_all,fixed_policy,False,cross_dataset_all,learned_prototype_event_time,no_filter,False,0.05,5,5,0,5,synthetic_separation,synthetic_positive_separation,0.4142780794642307,0.08530810203129927,0.4149619662904037,0.32127482504961763,0.557420873041272,0.04137358110642749,0.014852848050490381,0.0432266312246903,0.02383271122142803,0.06364795952257338,0.05381788042257922,0.02568468322284965,0.06744859786797176,0.022295623451692816,0.07963210897025438,0.03151879854653691,0.028965646344618127,0.0365296803652968,0.0,0.07633587786259542,0.07231173082236911,0.11370219318104614,0.027972027972027972,0.0,0.2978723404255319,0.03162454931624549,0.02973420959085097,0.031683168316831684,0.0,0.07777777777777777,135.2,108.72423832798279,121.0,1.0,299.0,44.2,1505.6,0.0,False,True
TSB-UAD-Public-v2,cnn,groupwise_cross_dataset_compatible,groupwise_cross_dataset_compatible,fixed_policy,False,cross_dataset_compatible,learned_prototype_event_time,no_filter,True,0.05,5,5,0,5,synthetic_separation,synthetic_positive_separation,0.4142780794642307,0.08530810203129927,0.4149619662904037,0.32127482504961763,0.557420873041272,0.04137358110642749,0.014852848050490381,0.0432266312246903,0.02383271122142803,0.06364795952257338,0.061876922914819055,0.019923226794475408,0.06719224447725437,0.02319845343643757,0.07719005969734832,0.020484148439420004,0.02542059611288625,0.0,0.0,0.057692307692307696,0.06814589665653495,0.11605632229986078,0.0,0.0,0.2978723404255319,0.025391621129326046,0.0323864639856253,0.0,0.0,0.07777777777777777,108.2,119.34722451737201,44.0,1.0,299.0,44.2,1505.6,0.0,False,True
TSB-UAD-Public-v2,cnn,random_event_oversampling,random_event_oversampling,fixed_policy,False,,random_event_oversampling,no_filter,False,0.05,5,5,0,5,synthetic_separation,synthetic_positive_separation,0.4142780794642307,0.08530810203129927,0.4149619662904037,0.32127482504961763,0.557420873041272,0.04137358110642749,0.014852848050490381,0.0432266312246903,0.02383271122142803,0.06364795952257338,0.07922565774322525,0.04238384745019975,0.07651461838653957,0.01959349135746861,0.1518365915665819,0.10388886857492363,0.15709404489033252,0.03424657534246575,0.0,0.4166666666666667,0.09817628682711203,0.11111149114476043,0.03496503496503497,0.0,0.2978723404255319,0.04129411327297748,0.027962769461546494,0.04048582995951417,0.0,0.07799442896935933,214.6,228.81311151243057,141.0,1.0,619.0,88.4,3011.2,0.0,False,True
TSB-UAD-Public-v2,cnn,real_only,real_only,fixed_policy,False,,none,no_filter,False,0.05,5,5,0,5,synthetic_separation,synthetic_positive_separation,0.4142780794642307,0.08530810203129927,0.4149619662904037,0.32127482504961763,0.557420873041272,0.04137358110642749,0.014852848050490381,0.0432266312246903,0.02383271122142803,0.06364795952257338,0.049078195337284684,0.0635639002614757,0.0021344717182497333,0.0,0.1580547112462006,0.1563386524822695,0.25747905902075524,0.02127659574468085,0.0,0.6666666666666666,0.006580475599167188,0.007209488897578233,0.0034965034965034965,0.0,0.018691588785046728,0.012320082320082321,0.013923264711051304,0.006006006006006006,0.0,0.03636363636363636,15.2,18.988417522268676,1.0,0.0,46.0,0.0,0.0,0.0,False,True
TSB-UAD-Public-v2,iforest,adaptive_groupwise_transfer,groupwise_cross_dataset_compatible,detector_family:density,False,cross_dataset_compatible,learned_prototype_event_time,no_filter,True,0.05,5,5,0,5,synthetic_separation,synthetic_positive_separation,0.4516066747486797,0.06687308396391076,0.43846696392817686,0.37034448782689067,0.5722780499706058,0.05238405102279692,0.01172913029232757,0.0523979348433235,0.03306312705453547,0.06975812381249402,0.05885792967520513,0.019484881281545154,0.06528923857651549,0.023434343434343436,0.08081039755351682,0.02222222222222222,0.04444444444444444,0.0,0.0,0.1111111111111111,0.0723404255319149,0.1446808510638298,0.0,0.0,0.3617021276595745,0.034,0.068,0.0,0.0,0.17,39.0,50.986272662354914,13.0,1.0,136.0,44.2,1505.6,0.0,False,True
TSB-UAD-Public-v2,iforest,groupwise_compatibility_strict,groupwise_compatibility_strict,fixed_policy,False,compatibility_strict,learned_prototype_event_time,strict,True,0.05,5,5,0,5,synthetic_separation,synthetic_positive_separation,0.4516066747486797,0.06687308396391076,0.43846696392817686,0.37034448782689067,0.5722780499706058,0.05238405102279692,0.01172913029232757,0.0523979348433235,0.03306312705453547,0.06975812381249402,0.07363522062549183,0.010628928096945224,0.07651461838653957,0.05379409504449788,0.08504168943155094,0.04553253884070631,0.04451543063911035,0.031914893617021274,0.0,0.10483870967741936,0.019894254681488723,0.020481744722938594,0.01048951048951049,0.0,0.04642857142857143,0.027623384764105696,0.02805865242722299,0.015789473684210527,0.0,0.06435643564356436,44.8,46.837591739968865,20.0,1.0,111.0,1.4,64.0,42.8,False,True
TSB-UAD-Public-v2,iforest,groupwise_cross_dataset_all,groupwise_cross_dataset_all,fixed_policy,False,cross_dataset_all,learned_prototype_event_time,no_filter,False,0.05,5,5,0,5,synthetic_separation,synthetic_positive_separation,0.4516066747486797,0.06687308396391076,0.43846696392817686,0.37034448782689067,0.5722780499706058,0.05238405102279692,0.01172913029232757,0.0523979348433235,0.03306312705453547,0.06975812381249402,0.0648159957718066,0.022263399682085003,0.06928852873392313,0.026743173318305242,0.0874756585015886,0.06173963453733783,0.041924549897752884,0.05660377358490566,0.0,0.1111111111111111,0.0893315185510453,0.1370981874795854,0.028037383177570093,0.0,0.3617021276595745,0.05672689961124664,0.060435972237515956,0.031578947368421054,0.0,0.17,78.2,43.21296101865735,80.0,14.0,136.0,44.2,1505.6,0.0,False,True
TSB-UAD-Public-v2,iforest,groupwise_cross_dataset_compatible,groupwise_cross_dataset_compatible,fixed_policy,False,cross_dataset_compatible,learned_prototype_event_time,no_filter,True,0.05,5,5,0,5,synthetic_separation,synthetic_positive_separation,0.4516066747486797,0.06687308396391076,0.43846696392817686,0.37034448782689067,0.5722780499706058,0.05238405102279692,0.01172913029232757,0.0523979348433235,0.03306312705453547,0.06975812381249402,0.05885792967520513,0.019484881281545154,0.06528923857651549,0.023434343434343436,0.08081039755351682,0.02222222222222222,0.04444444444444444,0.0,0.0,0.1111111111111111,0.0723404255319149,0.1446808510638298,0.0,0.0,0.3617021276595745,0.034,0.068,0.0,0.0,0.17,39.0,50.986272662354914,13.0,1.0,136.0,44.2,1505.6,0.0,False,True
TSB-UAD-Public-v2,iforest,random_event_oversampling,random_event_oversampling,fixed_policy,False,,random_event_oversampling,no_filter,False,0.05,5,5,0,5,synthetic_separation,synthetic_positive_separation,0.4516066747486797,0.06687308396391076,0.43846696392817686,0.37034448782689067,0.5722780499706058,0.05238405102279692,0.01172913029232757,0.0523979348433235,0.03306312705453547,0.06975812381249402,0.06078206721131914,0.02557368816706522,0.06929196302446036,0.014126596033686498,0.08883758281469585,0.02847222222222222,0.043055555555555555,0.0,0.0,0.1111111111111111,0.07300267718754404,0.1443554219294197,0.0,0.0,0.3617021276595745,0.03519760479041916,0.0674410846827632,0.0,0.0,0.17,52.0,44.993332839433,41.0,2.0,136.0,88.4,3011.2,0.0,False,True
TSB-UAD-Public-v2,iforest,real_only,real_only,fixed_policy,False,,none,no_filter,False,0.05,5,5,0,5,synthetic_separation,synthetic_positive_separation,0.4516066747486797,0.06687308396391076,0.43846696392817686,0.37034448782689067,0.5722780499706058,0.05238405102279692,0.01172913029232757,0.0523979348433235,0.03306312705453547,0.06975812381249402,0.034902744589887826,0.04005434309234169,0.007032843378577959,0.0,0.08812087957086115,0.002898550724637681,0.005797101449275362,0.0,0.0,0.014492753623188406,0.0007142857142857143,0.0014285714285714286,0.0,0.0,0.0035714285714285713,0.001146131805157593,0.0022922636103151865,0.0,0.0,0.0057306590257879654,22.4,28.160965892525773,1.0,0.0,68.0,0.0,0.0,0.0,False,True
TSB-UAD-Public-v2,internal_classifier,adaptive_groupwise_transfer,groupwise_cross_dataset_all,detector_family:broad,False,cross_dataset_all,learned_prototype_event_time,no_filter,False,0.05,5,5,0,5,oracle_val,validation_best_f1,0.5924842818182742,0.0468384982440753,0.6109950291328482,0.528852256770458,0.6545723601665083,0.09030357730310781,0.0496537800214782,0.07077208592411838,0.03879076361386463,0.18458679281988677,0.10487341184049834,0.01932608567091441,0.09516129032258064,0.0835142809420411,0.13155136268343814,0.07759485901095622,0.0447074611364529,0.05704697986577181,0.03723404255319149,0.15917602996254682,0.21437785783080426,0.18489969602510872,0.1588785046728972,0.023178807947019868,0.5319148936170213,0.09478438328627678,0.05972157972881483,0.08143322475570033,0.028571428571428574,0.2073170731707317,324.8,147.54850050068282,281.0,171.0,542.0,44.2,1505.6,0.0,False,True
TSB-UAD-Public-v2,internal_classifier,groupwise_compatibility_strict,groupwise_compatibility_strict,fixed_policy,False,compatibility_strict,learned_prototype_event_time,strict,True,0.05,5,5,0,5,oracle_val,validation_best_f1,0.6068006751760062,0.04187126434455889,0.603623478021454,0.5497514904031682,0.6791872067813969,0.09905302014608376,0.05524507164874812,0.08394011172922144,0.03966852572967916,0.20402846115550183,0.10906672631396301,0.036716084884641315,0.1085811648079306,0.06818892711917422,0.15769712140175218,0.08116257578923515,0.05514838223425674,0.054441260744985676,0.02861952861952862,0.17913832199546487,0.22960215473477624,0.20351478110473367,0.17757009345794392,0.033112582781456956,0.5957446808510638,0.09342317045564923,0.06494702735491159,0.07588075880758807,0.03863636363636364,0.21914008321775313,403.8,202.35552871122647,362.0,87.0,663.0,1.4,64.0,42.8,False,True
TSB-UAD-Public-v2,internal_classifier,groupwise_cross_dataset_all,groupwise_cross_dataset_all,fixed_policy,False,cross_dataset_all,learned_prototype_event_time,no_filter,False,0.05,5,5,0,5,oracle_val,validation_best_f1,0.5924842818182742,0.0468384982440753,0.6109950291328482,0.528852256770458,0.6545723601665083,0.09030357730310781,0.0496537800214782,0.07077208592411838,0.03879076361386463,0.18458679281988677,0.10487341184049834,0.01932608567091441,0.09516129032258064,0.0835142809420411,0.13155136268343814,0.07759485901095622,0.0447074611364529,0.05704697986577181,0.03723404255319149,0.15917602996254682,0.21437785783080426,0.18489969602510872,0.1588785046728972,0.023178807947019868,0.5319148936170213,0.09478438328627678,0.05972157972881483,0.08143322475570033,0.028571428571428574,0.2073170731707317,324.8,147.54850050068282,281.0,171.0,542.0,44.2,1505.6,0.0,False,True
TSB-UAD-Public-v2,internal_classifier,groupwise_cross_dataset_compatible,groupwise_cross_dataset_compatible,fixed_policy,False,cross_dataset_compatible,learned_prototype_event_time,no_filter,True,0.05,5,5,0,5,oracle_val,validation_best_f1,0.5811104700520628,0.05078322652927408,0.5717723860557177,0.5208412990241033,0.6469795189541709,0.09156810136706749,0.04980229157398977,0.07992731402648898,0.03832448482151496,0.1859891022567921,0.10358227201490604,0.04305546870773537,0.10978112175102599,0.045793301607255095,0.16940889701401585,0.08127804974304526,0.049724470306213686,0.06698564593301436,0.0343980343980344,0.17647058823529413,0.12428394100990392,0.12759900072298172,0.027972027972027972,0.010714285714285714,0.2978723404255319,0.05208945689735854,0.030359105512533787,0.036281179138321996,0.020202020202020204,0.10666666666666666,205.6,157.5139358913998,147.0,14.0,393.0,44.2,1505.6,0.0,False,True
TSB-UAD-Public-v2,internal_classifier,random_event_oversampling,random_event_oversampling,fixed_policy,False,,random_event_oversampling,no_filter,False,0.05,5,5,0,5,oracle_val,validation_best_f1,0.6022014560536634,0.038045731418891233,0.6073176246631043,0.5333349140973138,0.6399048666541063,0.08494561123798744,0.04651173871731683,0.07039967569073152,0.038342886656655015,0.17451461233305118,0.08745779018045531,0.019920232666390945,0.08480860135323014,0.05387593706236098,0.11010284331518451,0.06688810574403632,0.0433191203942982,0.04040404040404041,0.026143790849673203,0.14098360655737704,0.16833342262409304,0.09166861688177036,0.1702127659574468,0.013245033112582781,0.3006993006993007,0.08787512167857066,0.062123329212276736,0.05930807248764415,0.0199501246882793,0.1919642857142857,385.8,168.17895230973463,482.0,95.0,530.0,88.4,3011.2,0.0,False,True
TSB-UAD-Public-v2,internal_classifier,real_only,real_only,fixed_policy,False,,none,no_filter,False,0.05,5,5,0,5,oracle_val,validation_best_f1,0.6132135607875916,0.048333640411150625,0.6252313692590621,0.5309960544483198,0.6791872067813969,0.09500344574970422,0.05370596104775999,0.0787727350839698,0.038151962909461844,0.19708270650651713,0.1168690337419106,0.025922673477238103,0.11678029469980207,0.08720524162703296,0.14947138169886984,0.09776961850577333,0.06186141503886418,0.09836065573770492,0.006666666666666667,0.16493506493506493,0.1939218177405038,0.15166038547153396,0.17757009345794392,0.019867549668874173,0.44405594405594406,0.11434672964766979,0.09139514202659957,0.08333333333333333,0.012072434607645876,0.24053030303030304,370.2,190.43045974843415,376.0,55.0,643.0,0.0,0.0,0.0,False,True
TSB-UAD-Public-v2,lof,adaptive_groupwise_transfer,groupwise_cross_dataset_compatible,detector_family:density,False,cross_dataset_compatible,learned_prototype_event_time,no_filter,True,0.05,5,5,0,5,synthetic_separation,synthetic_positive_separation,0.5092693986054264,0.06971012647696066,0.5246885303150132,0.3836637512635692,0.5847544374700935,0.04898882665082839,0.020450615441384427,0.03926728106559779,0.028418674832973514,0.08665840606347558,0.05879500399595481,0.02728361216281074,0.05473251028806585,0.018581523161476054,0.09873442179499566,0.03821699235580324,0.02337069312612602,0.041666666666666664,0.0,0.06976744186046512,0.06060818382254055,0.059129023834704274,0.04642857142857143,0.0,0.1702127659574468,0.03612735636137541,0.0192694425505172,0.048689138576779034,0.0,0.0509090909090909,151.2,100.62286022569623,161.0,1.0,273.0,44.2,1505.6,0.0,False,True
TSB-UAD-Public-v2,lof,groupwise_compatibility_strict,groupwise_compatibility_strict,fixed_policy,False,compatibility_strict,learned_prototype_event_time,strict,True,0.05,5,5,0,5,synthetic_separation,synthetic_positive_separation,0.5092693986054264,0.06971012647696066,0.5246885303150132,0.3836637512635692,0.5847544374700935,0.04898882665082839,0.020450615441384427,0.03926728106559779,0.028418674832973514,0.08665840606347558,0.057757111698661975,0.051227387841361736,0.055589870290302656,0.0,0.14814814814814814,0.11700481160115692,0.14483378706408337,0.06666666666666667,0.0,0.4,0.06442878947176538,0.05642719337121395,0.05,0.0,0.1702127659574468,0.052157531252731884,0.029359697785585847,0.05645161290322581,0.0,0.0888888888888889,131.4,103.27168053246737,162.0,5.0,273.0,1.4,64.0,42.8,False,True
TSB-UAD-Public-v2,lof,groupwise_cross_dataset_all,groupwise_cross_dataset_all,fixed_policy,False,cross_dataset_all,learned_prototype_event_time,no_filter,False,0.05,5,5,0,5,synthetic_separation,synthetic_positive_separation,0.5092693986054264,0.06971012647696066,0.5246885303150132,0.3836637512635692,0.5847544374700935,0.04898882665082839,0.020450615441384427,0.03926728106559779,0.028418674832973514,0.08665840606347558,0.06467934094197847,0.014702674790259712,0.05992362675022031,0.04539068410245326,0.08613804905875641,0.044935813899799205,0.026385439875544262,0.041666666666666664,0.0,0.07692307692307693,0.08325256072223661,0.12002988305640756,0.02097902097902098,0.0,0.3191489361702128,0.03478553364010635,0.02511631785763005,0.03174603174603175,0.0,0.07246376811594203,127.2,124.59438189581422,86.0,1.0,352.0,44.2,1505.6,0.0,False,True
TSB-UAD-Public-v2,lof,groupwise_cross_dataset_compatible,groupwise_cross_dataset_compatible,fixed_policy,False,cross_dataset_compatible,learned_prototype_event_time,no_filter,True,0.05,5,5,0,5,synthetic_separation,synthetic_positive_separation,0.5092693986054264,0.06971012647696066,0.5246885303150132,0.3836637512635692,0.5847544374700935,0.04898882665082839,0.020450615441384427,0.03926728106559779,0.028418674832973514,0.08665840606347558,0.05879500399595481,0.02728361216281074,0.05473251028806585,0.018581523161476054,0.09873442179499566,0.03821699235580324,0.02337069312612602,0.041666666666666664,0.0,0.06976744186046512,0.06060818382254055,0.059129023834704274,0.04642857142857143,0.0,0.1702127659574468,0.03612735636137541,0.0192694425505172,0.048689138576779034,0.0,0.0509090909090909,151.2,100.62286022569623,161.0,1.0,273.0,44.2,1505.6,0.0,False,True
TSB-UAD-Public-v2,lof,random_event_oversampling,random_event_oversampling,fixed_policy,False,,random_event_oversampling,no_filter,False,0.05,5,5,0,5,synthetic_separation,synthetic_positive_separation,0.5092693986054264,0.06971012647696066,0.5246885303150132,0.3836637512635692,0.5847544374700935,0.04898882665082839,0.020450615441384427,0.03926728106559779,0.028418674832973514,0.08665840606347558,0.06448900730801722,0.025478740841710534,0.07834000087923683,0.018870431893687707,0.08612927539774695,0.06025507590724982,0.04059387818322843,0.07692307692307693,0.0,0.11428571428571428,0.04303022115266726,0.06394487027808604,0.013245033112582781,0.0,0.1702127659574468,0.025083317376306303,0.01634825534984529,0.02373887240356083,0.0,0.04953560371517028,80.8,95.98208166111006,36.0,1.0,268.0,88.4,3011.2,0.0,False,True
TSB-UAD-Public-v2,lof,real_only,real_only,fixed_policy,False,,none,no_filter,False,0.05,5,5,0,5,synthetic_separation,synthetic_positive_separation,0.5092693986054264,0.06971012647696066,0.5246885303150132,0.3836637512635692,0.5847544374700935,0.04898882665082839,0.020450615441384427,0.03926728106559779,0.028418674832973514,0.08665840606347558,0.03518508653048444,0.04664171317802879,0.018453541260558804,0.0,0.12525458248472504,0.05793292340062759,0.08793058474390882,0.028368794326241134,0.0,0.2318840579710145,0.04686972601866219,0.06527287013578535,0.006993006993006993,0.0,0.1702127659574468,0.03032443965716817,0.03550230323181379,0.011299435028248588,0.0,0.09169054441260745,79.6,100.58349765244793,53.0,0.0,274.0,0.0,0.0,0.0,False,True
TSB-UAD-Public-v2,ocsvm,adaptive_groupwise_transfer,groupwise_cross_dataset_compatible,detector_family:density,False,cross_dataset_compatible,learned_prototype_event_time,no_filter,True,0.05,5,5,0,5,fp_aware_synthetic_separation,fp_aware_synthetic_separation,0.44621973583968444,0.042355275795645485,0.42491997529078085,0.400470902828343,0.5126218043003935,0.05962689081933485,0.005667778766055933,0.06314395980419432,0.04905600149473513,0.0643831538763889,0.03357452955459711,0.03305684750409596,0.023223409196470042,0.0,0.07936,0.004878048780487805,0.009756097560975611,0.0,0.0,0.024390243902439025,0.0014285714285714286,0.002857142857142857,0.0,0.0,0.007142857142857143,0.002209944751381215,0.004419889502762431,0.0,0.0,0.011049723756906077,16.4,31.80314449861837,1.0,0.0,80.0,44.2,1505.6,0.0,False,True
TSB-UAD-Public-v2,ocsvm,groupwise_compatibility_strict,groupwise_compatibility_strict,fixed_policy,False,compatibility_strict,learned_prototype_event_time,strict,True,0.05,5,5,0,5,fp_aware_synthetic_separation,fp_aware_synthetic_separation,0.44621973583968444,0.042355275795645485,0.42491997529078085,0.400470902828343,0.5126218043003935,0.05962689081933485,0.005667778766055933,0.06314395980419432,0.04905600149473513,0.0643831538763889,0.03357452955459711,0.03305684750409596,0.023223409196470042,0.0,0.07936,0.004878048780487805,0.009756097560975611,0.0,0.0,0.024390243902439025,0.0014285714285714286,0.002857142857142857,0.0,0.0,0.007142857142857143,0.002209944751381215,0.004419889502762431,0.0,0.0,0.011049723756906077,16.4,31.80314449861837,1.0,0.0,80.0,1.4,64.0,42.8,False,True
TSB-UAD-Public-v2,ocsvm,groupwise_cross_dataset_all,groupwise_cross_dataset_all,fixed_policy,False,cross_dataset_all,learned_prototype_event_time,no_filter,False,0.05,5,5,0,5,fp_aware_synthetic_separation,fp_aware_synthetic_separation,0.44621973583968444,0.042355275795645485,0.42491997529078085,0.400470902828343,0.5126218043003935,0.05962689081933485,0.005667778766055933,0.06314395980419432,0.04905600149473513,0.0643831538763889,0.03357452955459711,0.03305684750409596,0.023223409196470042,0.0,0.07936,0.004878048780487805,0.009756097560975611,0.0,0.0,0.024390243902439025,0.0014285714285714286,0.002857142857142857,0.0,0.0,0.007142857142857143,0.002209944751381215,0.004419889502762431,0.0,0.0,0.011049723756906077,16.4,31.80314449861837,1.0,0.0,80.0,44.2,1505.6,0.0,False,True
TSB-UAD-Public-v2,ocsvm,groupwise_cross_dataset_compatible,groupwise_cross_dataset_compatible,fixed_policy,False,cross_dataset_compatible,learned_prototype_event_time,no_filter,True,0.05,5,5,0,5,fp_aware_synthetic_separation,fp_aware_synthetic_separation,0.44621973583968444,0.042355275795645485,0.42491997529078085,0.400470902828343,0.5126218043003935,0.05962689081933485,0.005667778766055933,0.06314395980419432,0.04905600149473513,0.0643831538763889,0.03357452955459711,0.03305684750409596,0.023223409196470042,0.0,0.07936,0.004878048780487805,0.009756097560975611,0.0,0.0,0.024390243902439025,0.0014285714285714286,0.002857142857142857,0.0,0.0,0.007142857142857143,0.002209944751381215,0.004419889502762431,0.0,0.0,0.011049723756906077,16.4,31.80314449861837,1.0,0.0,80.0,44.2,1505.6,0.0,False,True
TSB-UAD-Public-v2,ocsvm,random_event_oversampling,random_event_oversampling,fixed_policy,False,,random_event_oversampling,no_filter,False,0.05,5,5,0,5,fp_aware_synthetic_separation,fp_aware_synthetic_separation,0.44621973583968444,0.042355275795645485,0.42491997529078085,0.400470902828343,0.5126218043003935,0.05962689081933485,0.005667778766055933,0.06314395980419432,0.04905600149473513,0.0643831538763889,0.035657059286107,0.032664810659776854,0.03363605785401951,0.0,0.07936,0.00975609756097561,0.019512195121951223,0.0,0.0,0.04878048780487805,0.0014285714285714286,0.002857142857142857,0.0,0.0,0.007142857142857143,0.0024922118380062306,0.004984423676012461,0.0,0.0,0.012461059190031152,8.2,15.406492138056604,1.0,0.0,39.0,88.4,3011.2,0.0,False,True
TSB-UAD-Public-v2,ocsvm,real_only,real_only,fixed_policy,False,,none,no_filter,False,0.05,5,5,0,5,fp_aware_synthetic_separation,fp_aware_synthetic_separation,0.44621973583968444,0.042355275795645485,0.42491997529078085,0.400470902828343,0.5126218043003935,0.05962689081933485,0.005667778766055933,0.06314395980419432,0.04905600149473513,0.0643831538763889,0.03357452955459711,0.03305684750409596,0.023223409196470042,0.0,0.07936,0.004878048780487805,0.009756097560975611,0.0,0.0,0.024390243902439025,0.0014285714285714286,0.002857142857142857,0.0,0.0,0.007142857142857143,0.002209944751381215,0.004419889502762431,0.0,0.0,0.011049723756906077,16.4,31.80314449861837,1.0,0.0,80.0,0.0,0.0,0.0,False,True
TSB-UAD-Public-v2,timesnet,adaptive_groupwise_transfer,groupwise_cross_dataset_all,detector_family:broad,False,cross_dataset_all,learned_prototype_event_time,no_filter,False,0.05,5,5,0,5,fp_aware_synthetic_separation,fp_aware_synthetic_separation,0.464559427286388,0.08978884222034415,0.4553008160596902,0.3505979366921633,0.589821131620087,0.04503048874374658,0.013442922285296973,0.035565977338790855,0.033284147372052195,0.06558033568906203,0.0504717461293598,0.0667731003746215,0.001282051282051282,0.0,0.16742406122937095,0.175,0.21794494717703367,0.0,0.0,0.5,0.004012016021361815,0.0049327158526788996,0.0,0.0,0.010714285714285714,0.007836391437308868,0.009629689728031354,0.0,0.0,0.02083333333333333,1.2,1.9390719429665317,0.0,0.0,5.0,44.2,1505.6,0.0,False,True
TSB-UAD-Public-v2,timesnet,groupwise_compatibility_strict,groupwise_compatibility_strict,fixed_policy,False,compatibility_strict,learned_prototype_event_time,strict,True,0.05,5,5,0,5,fp_aware_synthetic_separation,fp_aware_synthetic_separation,0.464559427286388,0.08978884222034415,0.4553008160596902,0.3505979366921633,0.589821131620087,0.04503048874374658,0.013442922285296973,0.035565977338790855,0.033284147372052195,0.06558033568906203,0.0504717461293598,0.0667731003746215,0.001282051282051282,0.0,0.16742406122937095,0.175,0.21794494717703367,0.0,0.0,0.5,0.004012016021361815,0.0049327158526788996,0.0,0.0,0.010714285714285714,0.007836391437308868,0.009629689728031354,0.0,0.0,0.02083333333333333,1.2,1.9390719429665317,0.0,0.0,5.0,1.4,64.0,42.8,False,True
TSB-UAD-Public-v2,timesnet,groupwise_cross_dataset_all,groupwise_cross_dataset_all,fixed_policy,False,cross_dataset_all,learned_prototype_event_time,no_filter,False,0.05,5,5,0,5,fp_aware_synthetic_separation,fp_aware_synthetic_separation,0.464559427286388,0.08978884222034415,0.4553008160596902,0.3505979366921633,0.589821131620087,0.04503048874374658,0.013442922285296973,0.035565977338790855,0.033284147372052195,0.06558033568906203,0.0504717461293598,0.0667731003746215,0.001282051282051282,0.0,0.16742406122937095,0.175,0.21794494717703367,0.0,0.0,0.5,0.004012016021361815,0.0049327158526788996,0.0,0.0,0.010714285714285714,0.007836391437308868,0.009629689728031354,0.0,0.0,0.02083333333333333,1.2,1.9390719429665317,0.0,0.0,5.0,44.2,1505.6,0.0,False,True
TSB-UAD-Public-v2,timesnet,groupwise_cross_dataset_compatible,groupwise_cross_dataset_compatible,fixed_policy,False,cross_dataset_compatible,learned_prototype_event_time,no_filter,True,0.05,5,5,0,5,fp_aware_synthetic_separation,fp_aware_synthetic_separation,0.464559427286388,0.08978884222034415,0.4553008160596902,0.3505979366921633,0.589821131620087,0.04503048874374658,0.013442922285296973,0.035565977338790855,0.033284147372052195,0.06558033568906203,0.0504717461293598,0.0667731003746215,0.001282051282051282,0.0,0.16742406122937095,0.175,0.21794494717703367,0.0,0.0,0.5,0.004012016021361815,0.0049327158526788996,0.0,0.0,0.010714285714285714,0.007836391437308868,0.009629689728031354,0.0,0.0,0.02083333333333333,1.2,1.9390719429665317,0.0,0.0,5.0,44.2,1505.6,0.0,False,True
TSB-UAD-Public-v2,timesnet,random_event_oversampling,random_event_oversampling,fixed_policy,False,,random_event_oversampling,no_filter,False,0.05,5,5,0,5,fp_aware_synthetic_separation,fp_aware_synthetic_separation,0.464559427286388,0.08978884222034415,0.4553008160596902,0.3505979366921633,0.589821131620087,0.04503048874374658,0.013442922285296973,0.035565977338790855,0.033284147372052195,0.06558033568906203,0.04908246799112506,0.06435377781802726,0.001282051282051282,0.0,0.16047767053819728,0.13125,0.1940521837032503,0.0,0.0,0.5,0.0054405874499332445,0.007186396382692423,0.0,0.0,0.017857142857142856,0.010079981180898612,0.013083780611131541,0.0,0.0,0.03205128205128205,5.6,10.707007051459337,0.0,0.0,27.0,88.4,3011.2,0.0,False,True
TSB-UAD-Public-v2,timesnet,real_only,real_only,fixed_policy,False,,none,no_filter,False,0.05,5,5,0,5,fp_aware_synthetic_separation,fp_aware_synthetic_separation,0.464559427286388,0.08978884222034415,0.4553008160596902,0.3505979366921633,0.589821131620087,0.04503048874374658,0.013442922285296973,0.035565977338790855,0.033284147372052195,0.06558033568906203,0.0504717461293598,0.0667731003746215,0.001282051282051282,0.0,0.16742406122937095,0.175,0.21794494717703367,0.0,0.0,0.5,0.004012016021361815,0.0049327158526788996,0.0,0.0,0.010714285714285714,0.007836391437308868,0.009629689728031354,0.0,0.0,0.02083333333333333,1.2,1.9390719429665317,0.0,0.0,5.0,0.0,0.0,0.0,False,True
